{
  "ae_threshold": 4.932920932769775,
  "vae_threshold": 5.0256147384643555,
  "mlp_threshold": 0.5
}